{"cameraMode":{"drawMode":0,"name":"Shaded","section":"Shading Mode"},"sceneLighting":true,"audioPlay":false,"sceneViewState":{"showFog":false,"showMaterialUpdate":false,"showSkybox":false,"showFlares":false,"showImageEffects":false,"showParticleSystems":false},"in2DMode":false,"pivot":{"x":-12.512697219848633,"y":-4.4315948486328129,"z":-5.499871730804443},"rotation":{"x":-0.14588378369808198,"y":0.6913084983825684,"z":-0.14561906456947328,"w":-0.6925557851791382},"size":10.506250381469727,"orthographic":false}